date,time_aest,platform,title,utm_source,utm_medium,utm_campaign,utm_content,status
2026-06-03,10:00,linkedin,EOFY equipment audit opener,linkedin,organic_social,ccw-eofy-sales-2026,ccw-eofy-2026-06-03-linkedin-audit,draft_blocked
2026-06-03,16:00,facebook,EOFY shortlist launch,facebook,organic_social,ccw-eofy-sales-2026,ccw-eofy-2026-06-03-facebook-launch,draft_blocked
2026-06-04,11:00,instagram,EOFY gear check reel,instagram,organic_social,ccw-eofy-sales-2026,ccw-eofy-2026-06-04-instagram-gear-check,draft_blocked
2026-06-05,09:00,reddit,Community-safe audit checklist,reddit,organic_social,ccw-eofy-sales-2026,ccw-eofy-2026-06-05-reddit-checklist,draft_blocked
2026-06-08,13:00,facebook,Low-profile air mover focus,facebook,organic_social,ccw-eofy-sales-2026,ccw-eofy-2026-06-08-facebook-xpower,draft_blocked
2026-06-09,10:00,linkedin,Finance-aware equipment planning,linkedin,organic_social,ccw-eofy-sales-2026,ccw-eofy-2026-06-09-linkedin-finance,draft_blocked
2026-06-10,14:00,instagram,Drying stack carousel,instagram,organic_social,ccw-eofy-sales-2026,ccw-eofy-2026-06-10-instagram-drying-stack,draft_blocked
2026-06-11,16:00,facebook,Dry Air Gale Force spotlight,facebook,organic_social,ccw-eofy-sales-2026,ccw-eofy-2026-06-11-facebook-gale-force,draft_blocked
2026-06-13,09:30,reddit,Drying bottleneck discussion,reddit,organic_social,ccw-eofy-sales-2026,ccw-eofy-2026-06-13-reddit-drying-bottlenecks,draft_blocked
2026-06-15,10:00,linkedin,Mid-month operational bottleneck post,linkedin,organic_social,ccw-eofy-sales-2026,ccw-eofy-2026-06-15-linkedin-midmonth,draft_blocked
2026-06-16,11:00,instagram,Consumables restock angle,instagram,organic_social,ccw-eofy-sales-2026,ccw-eofy-2026-06-16-instagram-consumables,draft_blocked
2026-06-18,16:00,facebook,Razorback AAM Pro spotlight,facebook,organic_social,ccw-eofy-sales-2026,ccw-eofy-2026-06-18-facebook-razorback-aam,draft_blocked
2026-06-22,10:00,linkedin,Final full week decision post,linkedin,organic_social,ccw-eofy-sales-2026,ccw-eofy-2026-06-22-linkedin-final-week,draft_blocked
2026-06-23,14:00,instagram,Final week reel,instagram,organic_social,ccw-eofy-sales-2026,ccw-eofy-2026-06-23-instagram-final-week,draft_blocked
2026-06-24,13:00,facebook,Finance enquiry reminder,facebook,organic_social,ccw-eofy-sales-2026,ccw-eofy-2026-06-24-facebook-finance-reminder,draft_blocked
2026-06-25,09:00,reddit,Final checklist community post,reddit,organic_social,ccw-eofy-sales-2026,ccw-eofy-2026-06-25-reddit-final-checklist,draft_blocked
2026-06-26,10:00,linkedin,Finalise the shortlist,linkedin,organic_social,ccw-eofy-sales-2026,ccw-eofy-2026-06-26-linkedin-finalise,draft_blocked
2026-06-26,10:00,facebook,Finalise the shortlist,facebook,organic_social,ccw-eofy-sales-2026,ccw-eofy-2026-06-26-linkedin-finalise,draft_blocked
2026-06-29,09:00,facebook,Final 48 hour reminder,facebook,organic_social,ccw-eofy-sales-2026,ccw-eofy-2026-06-29-final-48,draft_blocked
2026-06-29,09:00,instagram,Final 48 hour reminder,instagram,organic_social,ccw-eofy-sales-2026,ccw-eofy-2026-06-29-final-48,draft_blocked
2026-06-30,08:30,linkedin,EOFY final day,linkedin,organic_social,ccw-eofy-sales-2026,ccw-eofy-2026-06-30-final-day,draft_blocked
2026-06-30,08:30,facebook,EOFY final day,facebook,organic_social,ccw-eofy-sales-2026,ccw-eofy-2026-06-30-final-day,draft_blocked
2026-06-30,08:30,instagram,EOFY final day,instagram,organic_social,ccw-eofy-sales-2026,ccw-eofy-2026-06-30-final-day,draft_blocked